run,timestamp_ns,x_map_m,y_map_m,yaw_map_rad,time_from_bag_start_s
R06,1784955861739444208,-0.6920822879103719,-0.03682581443555094,0.0014692736781499688,0.0
R06,1784955887317098628,-0.4053970957544271,-0.057664917735285225,-0.08190380121049791,25.57765442
R06,1784955888233448339,-0.3185543813138537,-0.05609781121709501,0.10957282262614562,26.494004131
R06,1784955889151832004,-0.24613592949334653,-0.04160186871183782,0.3355503488371277,27.412387796
R06,1784955891249426653,-0.08149775887155541,0.030702735364740757,0.5364466947506232,29.509982445
R06,1784955894392762143,0.13507186916297106,0.19011730435164967,0.7003320680578089,32.653317935
R06,1784955897144744587,0.3436317955338001,0.34640432264929905,0.47260709902783893,35.405300379
R06,1784955898326154395,0.43267393315132163,0.38077934492169474,0.2455337898659024,36.586710187
R06,1784955899634238763,0.5381725343744496,0.3914263614636247,0.0354715281221756,37.894794555
R06,1784955900416114459,0.6278532898127247,0.3910281837383079,-0.15737785457551598,38.676670251
R06,1784955901465826501,0.722094495219007,0.3771985935651187,-0.36956467990115616,39.726382293
R06,1784955903168862080,0.8679800744403242,0.2966558260695642,-0.6309830557277863,41.429417872
R06,1784955904741613893,0.9762627567556595,0.19497983928646664,-0.8380847581524775,43.002169685
R06,1784955906445051213,1.0469684994980055,0.1102850572150351,-0.5814700109303077,44.705607005
R06,1784955906840407589,1.0477496378312234,0.09857951580997244,-0.28353497508917075,45.100963381
R06,1784955907362024784,1.0562882820418005,0.09911651373789383,-0.05540770532197686,45.622580576
R07,1784956039488042885,-0.6931116202351173,-0.034783439517826,-3.7344254046823394e-05,1.922975042
R07,1784956058024618276,-0.3879153527325495,-0.02020255889038962,0.10128363609646046,20.459550433
R07,1784956061689829752,-0.08390402329943816,0.05051040292189524,0.3090261443710889,24.124761909
R07,1784956063134873053,0.03612980946092412,0.10059587968748243,0.5224590093336979,25.56980521
R07,1784956066145824692,0.2628068618709346,0.25500490378856827,0.5946833317127039,28.580756849
R07,1784956068372960390,0.43764771288818055,0.35158189212883534,0.3916074914587274,30.807892547
R07,1784956069157220281,0.5163005094972929,0.37808051539771476,0.17012915526694936,31.592152438
R07,1784956070075513543,0.6202358506952568,0.37772734502042904,-0.05487496797705841,32.5104457
R07,1784956070991946360,0.7125091398534897,0.34921635767092457,-0.2856826707883411,33.426878517
R07,1784956071910388336,0.7991791837990698,0.30392446600262363,-0.4995270632148875,34.345320493
R07,1784956073220176927,0.9134418762524764,0.2090295422027541,-0.7183886684082829,35.655109084
R07,1784956075708450842,1.0493802611851555,0.09225454388279203,-0.44412334768252015,38.143382999
R07,1784956076107310595,1.0660843144148142,0.09723138551148545,-0.14210869420685848,38.542242752
R08,1784956201902314631,-0.6911068645671657,-0.037800333930670775,-0.0017037844135586015,0.437519399
R08,1784956226371776805,-0.3972511510229176,-0.05719521691370953,-0.08563585122344299,24.906981573
R08,1784956229384440852,-0.09853814805349813,-0.09675239406958337,-0.3357246571918657,27.91964562
R08,1784956230953755255,0.01664805051986163,-0.15592563978563515,-0.5569750127399986,29.488960023
R08,1784956233837449867,0.19449366317916045,-0.2914391399582368,-0.576053452734767,32.372654635
R08,1784956235539373568,0.33675048536498786,-0.3863643754150497,-0.3761469110197147,34.074578336
R08,1784956236718433734,0.44449165777069094,-0.42056964904508365,-0.16754353969479507,35.253638502
R08,1784956237767047426,0.5498260328671805,-0.4271500358407374,0.047367790891296724,36.302252194
R08,1784956238817022282,0.6483089489813892,-0.40770927302659404,0.2755386340946038,37.35222705
R08,1784956241566378196,0.872648602273002,-0.32360408153519643,0.4437223399397162,40.101582964
R08,1784956243662854514,1.040395304409396,-0.23814782867785095,0.6371055426612906,42.198059282
R08,1784956244580530675,1.083197332550613,-0.21585795737184177,0.36574536490202825,43.115735443
R08,1784956244840993211,1.0964413282824546,-0.20326127929888146,0.17521839322284583,43.376197979
R09,1784956416491571372,-0.6896256948437218,-0.03864418238352811,0.000583292197759698,0.0
R09,1784956435985263276,-0.41107900662232333,-0.06845409121209915,-0.14678136727389332,19.493691904
R09,1784956438997642596,-0.12836494234944426,-0.12343567568010648,-0.26336256040718137,22.506071224
R09,1784956440048498554,-0.032603624592808265,-0.15974304670787728,-0.47500671733628347,23.556927182
R09,1784956442928947860,0.16510560446676711,-0.30553972536761514,-0.5750054415909168,26.437376488
R09,1784956445154502390,0.3509930571704527,-0.3965952722786455,-0.340343082806241,28.662931018
R09,1784956446336694966,0.46374438305862015,-0.416310677755385,-0.11828403830305036,29.845123594
R09,1784956447513123386,0.5684818836202734,-0.4232895030448767,0.08639300862552417,31.021552014
R09,1784956448953893801,0.7180704502601963,-0.4126211586558575,0.3152220677707032,32.462322429
R09,1784956450789265641,0.8499657298291353,-0.371229219520078,0.5086675347176849,34.297694269
R09,1784956453671840073,1.085057352196011,-0.2268840559594167,0.706873342435562,37.180268701
R09,1784956454326648958,1.109670052740944,-0.21365874501986598,0.47703214805103955,37.835077586
R09,1784956454586176203,1.1127874262357076,-0.2163864780019025,0.27377704378829537,38.094604831
R09,1784956454981719612,1.112088197043403,-0.21925865132777989,0.02692491666732142,38.49014824
R10,1784956577096036180,-0.6940252945070009,-0.034114308621184794,-0.0025960665384787344,0.69729539
R10,1784956594116464393,-0.36330246001230787,-0.025473199045761185,0.0905479123058993,17.717723603
R10,1784956595291840287,-0.253147108459422,-0.003279110024390921,0.2918570704442607,18.893099497
R10,1784956596866701123,-0.09596835733246206,0.026779545099171582,0.041561357409615765,20.467960333
R10,1784956597911976569,-0.008652522324052241,0.009135475509823411,-0.19601837471362682,21.513235779
R10,1784956599222054311,0.09487156261853721,-0.03524945630707113,-0.4639569185856701,22.823313521
R10,1784956599616318186,0.10567213164222031,-0.044903154274840984,-0.7758884375390319,23.217577396
R10,1784956600401821741,0.13021023031441478,-0.08328372081046,-0.9810837385269627,24.003080951
R10,1784956603152315760,0.27396120405756325,-0.2887662358647139,-0.9027910750799635,26.75357497
R10,1784956604465303229,0.37169597532877374,-0.3714973210086817,-0.6416227143804369,28.066562439
R10,1784956605250395411,0.4641271244956997,-0.4168339140162993,-0.4285538862488498,28.851654621
R10,1784956606164983605,0.5580054697045905,-0.44458530526040274,-0.19693507711105684,29.766242815
R10,1784956607083331922,0.6576989553985162,-0.4575220296530824,0.029133968367237688,30.684591132
R10,1784956608130892691,0.7595371661268366,-0.44801656215178653,0.25945903164318945,31.732151901
R10,1784956609441762427,0.8676587682936454,-0.4051985782122123,0.4613990483330665,33.043021637
R10,1784956611146975368,0.9901725636300609,-0.3151401158753589,0.7101601256128991,34.748234578
R10,1784956613243320081,1.0864591575319322,-0.2393126743464408,0.5174040784802079,36.844579291
R10,1784956613636103556,1.1019061163859645,-0.23778787246438324,0.1994659741171798,37.237362766
R11,1784956951957465510,-0.6919270311384926,-0.034763453130588866,-0.00692938190585629,0.159485968
R11,1784956977838653036,-0.3558722220381643,-0.026340541109197327,-0.07238860913921345,26.040673494
R11,1784956979673757477,-0.1742713965920552,-0.059575611791856886,-0.3079484058048696,27.875777935
R11,1784956982950412183,0.08744565455397287,-0.16684703205595805,-0.49321283843748015,31.152432641
R11,1784956985832524394,0.3005971863611487,-0.3077504961692588,-0.43950372721218195,34.034544852
R11,1784956986750447314,0.405834229610074,-0.3620919742985742,-0.23763861685260687,34.952467772
R11,1784956987667939949,0.5008044507331326,-0.38626009807000683,-0.006749444582859454,35.869960407
R11,1784956988583127004,0.6038811128900033,-0.3906503285723215,0.21911823171402767,36.785147462
R11,1784956990023019871,0.7038373856441087,-0.3452469161262906,0.4344733652031527,38.225040329
R11,1784956993168511517,0.9545067984278559,-0.2673373202674411,0.44972162885767436,41.370531975
R11,1784956994609529572,1.064034388980979,-0.2131689956893595,0.6496724029245176,42.81155003
R11,1784956995135527554,1.0751702559234417,-0.2336307638268151,0.3150269521911564,43.337548012
R11,1784956995401394591,1.0857956375041828,-0.2276168233786739,0.1144676193429371,43.603415049
R12,1784957195113706855,-0.6906627519649635,-0.036998701115106,0.0026737958062548915,0.317820033
R12,1784957213919548949,-0.3568187142457884,-0.05912161486994128,0.030575989799354154,19.123662127
R12,1784957215098218828,-0.2694281592617346,-0.04205024172742258,0.26616777361695554,20.302332006
R12,1784957216672636562,-0.12499236883908815,-0.009002920978918787,0.046284094063334724,21.87674974
R12,1784957217585548618,-0.05043718881655429,-0.016577649223492287,-0.1802652057824398,22.789661796
R12,1784957219291145640,0.048979219734608254,-0.028950299910414982,0.10238189997088917,24.495258818
R12,1784957219684218849,0.05268620066765746,-0.029256510817177197,0.343222644527059,24.888332027
R12,1784957220338643047,0.06475905642791163,-0.026806259624483103,0.6417157608949473,25.542756225
R12,1784957220732352052,0.07434679155454554,-0.02819489145710674,0.8874009606479091,25.93646523
R12,1784957222172143154,0.14669120579226436,0.06582653569704777,1.0935637833656147,27.376256332
R12,1784957224273085235,0.22317392070546369,0.20874657213845288,0.868316609329051,29.477198413
R12,1784957225317354216,0.3459077604342808,0.3010134621110003,0.6443599795399465,30.521467394
R12,1784957226496806841,0.4390603631484125,0.3494400106117823,0.4412403508849042,31.700920019
R12,1784957227413604720,0.5460203035382377,0.38359272204572,0.21351733342158902,32.617717898
R12,1784957228460516156,0.6546969898137214,0.39568852848429026,-0.038992916466291154,33.664629334
R12,1784957229246800785,0.7493246353063286,0.3794076207237623,-0.2538208070673261,34.450913963
R12,1784957230164957428,0.8440231618244245,0.3496879842574542,-0.4757264393889369,35.369070606
R12,1784957231080736074,0.9383882194638681,0.3028679592390584,-0.7073782818305788,36.284849252
R12,1784957231997919981,1.0136187087140442,0.22370839016961552,-0.9223128659919763,37.202033159
R12,1784957233709307752,1.071088495235961,0.14208183267218483,-0.6768843161340091,38.91342093
R12,1784957234095150837,1.084938834933559,0.14196679608003857,-0.3686536419062891,39.299264015
R12,1784957234358185274,1.0917627084298054,0.14603596207630828,-0.16265786058258555,39.562298452
R13,1784957422645903488,-0.6949477904460027,-0.035339577084984974,0.00017908113536237389,0.910014777
R13,1784957444625909186,-0.404604866964295,-0.036768546430962015,-0.12285616637024381,22.890020475
R13,1784957445806787939,-0.29798095934264845,-0.06341646957951064,-0.3327748379267534,24.070899228
R13,1784957449211260653,-0.02726912560984929,-0.18466385513330727,-0.5245113664110116,27.475371942
R13,1784957452094622074,0.22277677742049384,-0.3251150923391016,-0.5297048593263088,30.358733363
R13,1784957453668651820,0.3645709870334548,-0.3971314496516511,-0.30522306576056557,31.932763109
R13,1784957454845583884,0.4728254370149059,-0.42794807447220556,-0.11089176382483339,33.109695173
R13,1784957456548431653,0.5981741822187018,-0.42395890912920486,0.090401198376434,34.812542942
R13,1784957457729089438,0.6967346883550449,-0.396168422030505,0.32441217468950906,35.993200727
R13,1784957460480200692,0.916925787835877,-0.2966653471050349,0.544736620332553,38.744311981
R13,1784957463099822764,1.0458893990557263,-0.1960043950200011,0.35732199330653625,41.363934053
R13,1784957463363334778,1.0652233029991691,-0.19763235407605045,0.1400702477710272,41.627446067
R14,1784957583074658807,-0.6945897773586837,-0.0345890811031769,-0.004564565403111108,0.887262045
R14,1784957600919859025,-0.4163914689858176,-0.021188329196399035,0.05767188518821762,18.732462263
R14,1784957602232572379,-0.30205058530434903,0.0014038094517666308,0.2676451051657447,20.045175617
R14,1784957604067686124,-0.1265404186928355,0.04357864707559515,0.027578092907537464,21.880289362
R14,1784957604851012876,-0.050249450926203205,0.03268836225461215,-0.189966810360486,22.663616114
R14,1784957605768164439,0.04983364992602729,0.0024185765707694373,-0.4073116498167043,23.580767677
R14,1784957607077863455,0.16014572656922518,-0.060534357293330635,-0.6393271053860248,24.890466693
R14,1784957607996808389,0.22397463071277462,-0.13467081094465705,-0.8619905976234784,25.809411627
R14,1784957610615768071,0.3951084608501157,-0.31602401250967443,-0.6084033189444896,28.428371309
R14,1784957611532644809,0.484724332804379,-0.3763342414839565,-0.39186648829861115,29.345248047
R14,1784957612711193854,0.5811562685518177,-0.4006733827727686,-0.18858911574894088,30.523797092
R14,1784957613761792360,0.6429958188812606,-0.41546441099216946,0.06039326357627366,31.574395598
R14,1784957615071083074,0.7453437787225504,-0.39469818871354645,0.2692665160700797,32.883686312
R14,1784957616379852812,0.8525987199305279,-0.3667596862245544,0.4826195426231287,34.19245605
R14,1784957618215162115,0.9862060606674233,-0.27214729060424686,0.7035850889348275,36.027765353
R14,1784957619921878682,1.0596923194720935,-0.21125790922615942,0.4750478495372148,37.73448192
R14,1784957620308452917,1.0908133019684563,-0.21439359746259956,0.14674627766308412,38.121056155
R15,1784957741132887030,-0.6945624799186839,-0.03803017367127129,-0.0024379323491948023,0.400650261
R15,1784957760359202910,-0.3924172668846911,-0.055440740271804505,-0.07577580613868913,19.626966141
R15,1784957763372216371,-0.10233679619940396,-0.0785858432703091,-0.30087495194182673,22.639979602
R15,1784957764430337478,-0.0152452960127881,-0.1133940043933148,-0.4988525769661855,23.698100709
R15,1784957765861278020,0.0822156519766959,-0.18678480846985507,-0.7095830311585829,25.129041251
R15,1784957768742112650,0.28849397799209264,-0.34528095970182393,-0.47533247693013747,28.009875881
R15,1784957769924474602,0.39186644058533476,-0.38150698121741544,-0.2860994585766321,29.192237833
R15,1784957770972719676,0.4781252406902271,-0.4055940358636406,-0.07825497539562089,30.240482907
R15,1784957772281179366,0.604216826951879,-0.4218074488434231,0.13401227469587246,31.548942597
R15,1784957773985883606,0.7557592302728767,-0.3973822892588401,0.3336678806038011,33.253646837
R15,1784957775949662553,0.9254312786336147,-0.32778118998121264,0.5613224189940507,35.217425784
R15,1784957777523568678,1.0446501716789351,-0.2329787429226931,0.7738040302253678,36.791331909
R15,1784957778437601894,1.0732096650306568,-0.19036473959836211,0.5216815537064948,37.705365125
R15,1784957778833467647,1.0913043000044729,-0.19793293391757252,0.20231625908476036,38.101230878
