time_s,x_m,y_m,yaw_rad,yaw_deg
0.000000000,0.000000000,0.000000000,0.000000000,0.000000
0.066378355,0.000000000,0.000000000,-0.000009316,-0.000534
0.099952936,0.000000000,0.000000000,-0.000036442,-0.002088
0.166344166,0.000000000,0.000000000,-0.000060601,-0.003472
0.199943304,0.000000000,0.000000000,-0.000084736,-0.004855
0.266344070,0.000000000,0.000000000,-0.000104063,-0.005962
0.299786568,0.000000000,0.000000000,-0.000078988,-0.004526
0.366364956,0.000000000,0.000000000,-0.000040362,-0.002313
0.399904251,0.000000000,0.000000000,-0.000010880,-0.000623
0.466363192,0.000000000,0.000000000,0.000017635,0.001010
0.500151157,0.000000000,0.000000000,-0.000004732,-0.000271
0.566354036,0.000000000,0.000000000,-0.000023256,-0.001332
0.599740028,0.000000000,0.000000000,-0.000025495,-0.001461
0.666730404,0.000000000,0.000000000,0.000004529,0.000259
0.699755669,0.000000000,0.000000000,0.000035780,0.002050
0.766432762,0.000000000,0.000000000,0.000074771,0.004284
0.799788952,0.000000000,0.000000000,0.000087502,0.005014
0.866520405,0.000000000,0.000000000,0.000068112,0.003903
0.899822712,0.000000000,0.000000000,0.000021420,0.001227
0.966357708,0.000000000,0.000000000,-0.000020884,-0.001197
0.999752045,0.000000000,0.000000000,-0.000036713,-0.002104
1.066336155,-0.000144378,-0.000000001,-0.000052363,-0.003000
1.099813938,0.002185347,-0.000000047,0.002372260,0.135920
1.166563034,0.004621052,0.000003044,0.010007303,0.573376
1.199786901,0.006771722,0.000017203,0.011532470,0.660762
1.266447067,0.010827538,0.000052478,0.012903176,0.739298
1.301401377,0.014859563,0.000093134,0.013096565,0.750378
1.366389275,0.021156310,0.000164933,0.012684520,0.726769
1.399799824,0.026095836,0.000222669,0.010170832,0.582746
1.466378212,0.033623812,0.000298368,0.006188368,0.354567
1.499797583,0.039213793,0.000336028,0.004302803,0.246532
1.566372633,0.047141186,0.000371484,0.002634000,0.150917
1.599814415,0.052440520,0.000384847,0.001384439,0.079323
1.666506767,0.060384398,0.000395730,-0.001131907,-0.064854
1.699800730,0.066095800,0.000391066,-0.002013178,-0.115347
1.766380072,0.074292920,0.000373256,-0.002348761,-0.134574
1.799778461,0.079995098,0.000359048,-0.003109516,-0.178162
1.866393805,0.088565670,0.000332277,-0.004875332,-0.279336
1.899744034,0.094392314,0.000303290,-0.005831150,-0.334100
1.966402054,0.102888453,0.000251530,-0.007805998,-0.447251
1.999758482,0.108445810,0.000206966,-0.009386742,-0.537821
2.066440821,0.095771361,0.000097792,-0.011519843,-0.660038
2.099665403,-0.045357064,-0.000158607,-0.014979329,-0.858252
2.166432619,-0.088732772,-0.000362918,-0.017162166,-0.983320
2.199815273,-0.083167047,-0.000460215,-0.017729359,-1.015817
2.266363144,-0.074986269,-0.000607472,-0.018279026,-1.047311
2.299758673,-0.069412149,-0.000710773,-0.018385239,-1.053397
2.366452694,-0.061110858,-0.000864923,-0.019107940,-1.094804
2.399841547,-0.055403061,-0.000972761,-0.019056881,-1.091879
2.466345549,-0.046809443,-0.001137132,-0.017381761,-0.995902
2.499743223,-0.041498425,-0.001231072,-0.016902132,-0.968421
2.566470385,-0.033368220,-0.001368934,-0.017485221,-1.001829
2.599764347,-0.027643560,-0.001469215,-0.018086638,-1.036288
2.666414499,-0.019073764,-0.001623163,-0.018620196,-1.066859
2.700844526,-0.012942373,-0.001737429,-0.018125941,-1.038540
2.766491175,-0.004272819,-0.001896588,-0.018700672,-1.071470
2.799672842,0.001293973,-0.002000330,-0.020055251,-1.149081
2.866731644,0.009346220,-0.002163300,-0.020842606,-1.194193
2.899844885,0.014935280,-0.002279502,-0.020645553,-1.182903
2.966392994,0.023648278,-0.002459121,-0.019467217,-1.115389
2.999712706,0.028825219,-0.002561644,-0.019090580,-1.093810
3.066463470,0.036946281,-0.002717334,-0.019993595,-1.145549
3.099786997,0.042819576,-0.002834178,-0.020812862,-1.192489
3.166514397,0.051530871,-0.003015195,-0.021618500,-1.238649
3.200001001,0.056845579,-0.003130595,-0.021698909,-1.243256
3.266456366,0.065125449,-0.003311918,-0.021564803,-1.235572
3.299793243,0.070991801,-0.003438384,-0.022519537,-1.290274
3.366463900,0.053365235,-0.003675798,-0.025163920,-1.441786
3.400261879,-0.116295428,-0.004214323,-0.036628495,-2.098658
3.466415644,-0.166250031,-0.004695116,-0.041875779,-2.399305
3.499794006,-0.160601842,-0.004931926,-0.043495132,-2.492088
3.566381693,-0.151916050,-0.005310253,-0.045773040,-2.622602
3.599838018,-0.146743126,-0.005549189,-0.046698375,-2.675620
3.666383743,-0.138339980,-0.005942587,-0.047132150,-2.700473
3.699755430,-0.133284532,-0.006183728,-0.047782879,-2.737757
3.766425848,-0.124936475,-0.006581557,-0.048532541,-2.780710
3.799852848,-0.119491749,-0.006845852,-0.047636195,-2.729353
3.866504192,-0.111419030,-0.007231294,-0.045614996,-2.613547
3.899832249,-0.105538804,-0.007499715,-0.044319985,-2.539348
3.966464520,-0.096995655,-0.007879071,-0.042731611,-2.448341
3.999703169,-0.091261928,-0.008123885,-0.041926458,-2.402209
4.066411734,-0.082675825,-0.008484471,-0.040520976,-2.321681
4.099868536,-0.076813507,-0.008723146,-0.040369076,-2.312978
4.166456699,-0.068051977,-0.009076930,-0.041011975,-2.349813
4.199765921,-0.062451326,-0.009306931,-0.041444791,-2.374612
4.266331196,-0.053853317,-0.009663328,-0.042270830,-2.421940
4.299952745,-0.048261892,-0.009900214,-0.042727638,-2.448113
4.366371393,-0.039665433,-0.010268612,-0.043933105,-2.517181
4.399801731,-0.034062547,-0.010514683,-0.045163476,-2.587677
4.466489315,-0.025467583,-0.010902787,-0.046115181,-2.642205
4.499827862,-0.020016114,-0.011155299,-0.046386728,-2.657764
4.566608429,-0.011596418,-0.011546449,-0.046877744,-2.685897
4.599740744,-0.005998261,-0.011809239,-0.047209512,-2.704906
4.666443825,-0.023050119,-0.012258867,-0.050041900,-2.867190
4.699905396,-0.191302409,-0.012988785,-0.066234370,-3.794950
4.766399622,-0.243742761,-0.013739984,-0.070884668,-4.061392
4.799736261,-0.238022675,-0.014146122,-0.070666220,-4.048876
4.866384506,-0.229463770,-0.014752461,-0.070640940,-4.047428
4.899764299,-0.223742176,-0.015157286,-0.071104445,-4.073985
4.966608524,-0.215168187,-0.015767296,-0.071472545,-4.095075
4.999973059,-0.209581030,-0.016167323,-0.071024295,-4.069392
5.066494465,-0.200862788,-0.016787946,-0.070387451,-4.032904
5.099763155,-0.195282266,-0.017181824,-0.070573431,-4.043560
5.166413784,-0.186788575,-0.017781895,-0.071116311,-4.074664
5.199820995,-0.181111979,-0.018186286,-0.071092054,-4.073275
5.266375542,-0.172690452,-0.018785628,-0.070693036,-4.050413
5.299932480,-0.166955697,-0.019191498,-0.069895416,-4.004712
5.366385937,-0.158677141,-0.019771349,-0.068621905,-3.931746
5.399795532,-0.153082767,-0.020154490,-0.067444461,-3.864283
5.466377735,-0.144828362,-0.020712191,-0.064430591,-3.691601
5.499867439,-0.139343843,-0.021066805,-0.063370848,-3.630882
5.566483736,-0.131131972,-0.021588364,-0.063520941,-3.639482
5.599842548,-0.125526282,-0.021944137,-0.063941547,-3.663581
5.666663170,-0.117006805,-0.022489730,-0.063493997,-3.637938
5.699817181,-0.111414658,-0.022846622,-0.063752720,-3.652762
5.766713381,-0.102722413,-0.023401456,-0.065579950,-3.757454
5.799828053,-0.096991351,-0.023778109,-0.066696333,-3.821418
5.866733789,-0.088841254,-0.024322532,-0.068425118,-3.920470
5.899787426,-0.083247234,-0.024706023,-0.069108343,-3.959616
5.966432571,-0.075006205,-0.025275897,-0.069803981,-3.999474
5.999799967,-0.069265697,-0.025677315,-0.069613272,-3.988547
6.066513062,-0.321086226,0.003076531,-0.087522113,-5.014648
6.099929094,-0.315483788,0.002585366,-0.088202155,-5.053611
6.166447163,-0.306968553,0.001833629,-0.088283690,-5.058283
6.199790955,-0.301248913,0.001326707,-0.087731277,-5.026632
6.266339540,-0.292988478,0.000600404,-0.087571294,-5.017466
6.300015211,-0.287536869,0.000120787,-0.087504337,-5.013629
6.366348267,-0.279176662,-0.000612172,-0.088205724,-5.053816
6.399831295,-0.273722509,-0.001094916,-0.088381488,-5.063886
6.466221571,-0.265508272,-0.001823265,-0.089145494,-5.107661
6.499766350,-0.259780040,-0.002334971,-0.090001302,-5.156695
6.566248178,-0.251266040,-0.003102517,-0.090993044,-5.213517
6.599769354,-0.245407245,-0.003637174,-0.091377471,-5.235543
6.666283607,-0.236705313,-0.004433526,-0.092213411,-5.283439
6.699735641,-0.231256054,-0.004938337,-0.092170458,-5.280978
6.766311884,-0.223146855,-0.005688279,-0.092191201,-5.282167
6.799907446,-0.217552832,-0.006204881,-0.091716880,-5.254990
6.866233826,-0.209190092,-0.006974404,-0.090560193,-5.188717
6.899715424,-0.203459551,-0.007494415,-0.089944271,-5.153427
6.966499805,-0.195213714,-0.008238385,-0.088751756,-5.085101
6.999672651,-0.189755444,-0.008724293,-0.088464954,-5.068669
7.066258669,-0.181699288,-0.009437961,-0.088109377,-5.048295
7.099825382,-0.175686012,-0.009969513,-0.087183152,-4.995227
7.166316271,-0.167147826,-0.010716696,-0.086033689,-4.929367
7.199736834,-0.161833279,-0.011174829,-0.086192904,-4.938490
7.266400576,-0.153182531,-0.011921737,-0.086450656,-4.953258
7.299764633,-0.147176724,-0.012443685,-0.086359967,-4.948062
7.366322994,-0.398768740,0.016487753,-0.091047230,-5.216622
7.399794817,-0.393194192,0.015979383,-0.091441585,-5.239217
7.466450214,-0.384900826,0.015218418,-0.091450426,-5.239723
7.499902248,-0.379195625,0.014695115,-0.091815707,-5.260653
7.566735506,-0.370946280,0.013936356,-0.092116927,-5.277911
7.599846601,-0.365338502,0.013418255,-0.091478317,-5.241321
7.666540384,-0.356969823,0.012649587,-0.091042581,-5.216356
7.699743271,-0.351384891,0.012139943,-0.091545530,-5.245172
7.766335487,-0.342875509,0.011359711,-0.091620600,-5.249474
7.799678326,-0.337822603,0.010895491,-0.090729224,-5.198402
7.866276741,-0.329795555,0.010164767,-0.089413998,-5.123045
7.899664640,-0.324192497,0.009661826,-0.089178978,-5.109579
7.966441154,-0.316298761,0.008956795,-0.089028571,-5.100961
8.000037909,-0.310705905,0.008457047,-0.088615237,-5.077279
8.066352129,-0.302671729,0.007742816,-0.088588131,-5.075726
8.100078344,-0.297213926,0.007258094,-0.089031084,-5.101105
8.166333914,-0.289050559,0.006529388,-0.089580443,-5.132581
8.199891090,-0.283447093,0.006026559,-0.089708569,-5.139922
8.266326904,-0.275557830,0.005317226,-0.089214756,-5.111629
8.300060272,-0.271328394,0.004938927,-0.088636769,-5.078513
8.366363287,-0.265624135,0.004433723,-0.087684900,-5.023975
8.399779081,-0.262582684,0.004167860,-0.086462744,-4.953950
8.466629505,-0.258157460,0.003787103,-0.084796450,-4.858479
8.499783278,-0.256852295,0.003682679,-0.082964685,-4.753526
8.566379547,-0.255507030,0.003579681,-0.078975306,-4.524952
8.599928617,-0.255374267,0.003578385,-0.076777324,-4.399017
8.666379213,-0.254791189,0.003540250,-0.074814375,-4.286548
8.699823856,-0.254758968,0.003541888,-0.074303139,-4.257256
8.766343355,-0.254512834,0.003525130,-0.073890840,-4.233633
8.799902201,-0.254461622,0.003521764,-0.073709780,-4.223259
8.866387129,-0.254379341,0.003515357,-0.073501057,-4.211300
8.899864912,-0.254321659,0.003510600,-0.073439162,-4.207754
8.966462612,-0.254318122,0.003509625,-0.073390284,-4.204954
8.999843121,-0.254259202,0.003504666,-0.073377821,-4.204239
9.066341877,-0.254292755,0.003506445,-0.073386716,-4.204749
9.099771261,-0.254234842,0.003501633,-0.073382297,-4.204496
9.166318893,-0.254284636,0.003504708,-0.073392677,-4.205091
9.200381994,-0.254229182,0.003500161,-0.073395377,-4.205245
9.266377687,-0.254284714,0.003503749,-0.073393713,-4.205150
9.299960613,-0.254232276,0.003499490,-0.073385765,-4.204695
9.366317034,-0.254289887,0.003503297,-0.073351362,-4.202723
9.399908304,-0.254238950,0.003499197,-0.073351345,-4.202722
9.466363907,-0.254294120,0.003502873,-0.073372739,-4.203948
9.499875784,-0.254247670,0.003499155,-0.073376833,-4.204183
9.566335440,-0.254156954,0.003491476,-0.068134905,-3.903843
9.599861383,-0.253841404,0.003467083,-0.051272912,-2.937721
9.666476250,-0.253413992,0.003435183,-0.018607038,-1.066105
9.699851036,-0.253106906,0.003416769,0.005100562,0.292241
9.766404629,-0.252916508,0.003408969,0.040860467,2.341132
9.799898148,-0.252611365,0.003401179,0.064495569,3.695324
9.866338015,-0.252275700,0.003402542,0.099980933,5.728485
9.899837732,-0.251838146,0.003415475,0.123763796,7.091143
9.966385365,-0.251040983,0.003466179,0.159117354,9.116753
9.999891043,-0.250887515,0.003496743,0.183422134,10.509314
10.066359997,-0.250218683,0.003583577,0.218751392,12.533532
10.099948168,-0.250067907,0.003623609,0.241683997,13.847473
10.166334152,-0.249265125,0.003769405,0.275502049,15.785105
10.199761629,-0.248718876,0.003895351,0.298119915,17.081013
10.266386747,-0.248569130,0.003968898,0.332143111,19.030398
10.299876213,-0.248293096,0.004051325,0.354214964,20.295023
10.366516829,-0.247926421,0.004171890,0.388130162,22.238220
10.399890423,-0.247523450,0.004306470,0.410945459,23.545440
10.466539145,-0.247157071,0.004453976,0.444619165,25.474802
10.499926805,-0.247020528,0.004521650,0.467871542,26.807065
10.566329718,-0.247085015,0.004515481,0.504219372,28.889642
10.599897385,-0.246691325,0.004679477,0.529506588,30.338493
10.666356325,-0.246768583,0.004658363,0.568204155,32.555700
10.699855804,-0.246506470,0.004782472,0.594542119,34.064754
10.766375065,-0.246347974,0.004870895,0.634319785,36.343847
10.799886465,-0.246099311,0.005014404,0.660953376,37.869839
10.866409063,-0.245695851,0.005272889,0.699507750,40.078842
10.899843216,-0.245581722,0.005368120,0.725501603,41.568180
10.966589212,-0.245186254,0.005666836,0.764870212,43.823835
10.999949455,-0.245190674,0.005691556,0.791262610,45.336008
11.066283464,-0.244931213,0.005918518,0.829841152,47.546396
11.099797010,-0.244932262,0.005938273,0.855569165,49.020502
11.166447163,-0.245115181,0.005786290,0.894558109,51.254404
11.199832439,-0.245096490,0.005789510,0.919699559,52.694903
11.266414404,-0.245095290,0.005767842,0.956933306,54.828240
11.299871683,-0.244622553,0.006261772,0.981947631,56.261455
11.366408825,-0.244593935,0.006328170,1.019390794,58.406790
11.399795771,-0.244423615,0.006548685,1.044928297,59.869981
11.466306210,-0.244317085,0.006718451,1.083649223,62.088527
11.499742746,-0.244320588,0.006733727,1.109589571,63.574799
11.566645384,-0.244230171,0.006881910,1.147972513,65.773980
11.601351500,-0.244088869,0.007119397,1.173637578,67.244480
11.666598082,-0.243795692,0.007661627,1.211674255,69.423821
11.699743271,-0.243818624,0.007682192,1.236090185,70.822751
11.766601801,-0.243560195,0.008258293,1.272148869,72.888761
11.800151587,-0.243475856,0.008520083,1.295990356,74.254778
11.866391420,-0.243362942,0.008901508,1.331105448,76.266724
11.899855614,-0.243196081,0.009412585,1.355073778,77.640008
11.966424465,-0.243063250,0.009960306,1.391532103,79.728917
11.999929667,-0.243020859,0.010236553,1.416499496,81.159443
12.066322327,-0.242920123,0.010790200,1.452815967,83.240223
12.099947453,-0.242926904,0.010934162,1.473151111,84.405341
12.166402817,-0.242914460,0.011197741,1.489120874,85.320341
12.199851990,-0.242935905,0.011209672,1.490395897,85.393395
12.266314268,-0.242941852,0.011278108,1.490716821,85.411782
12.299774170,-0.242946329,0.011287133,1.490883599,85.421338
12.366441250,-0.242945753,0.011313081,1.491199210,85.439421
12.399896383,-0.242944965,0.011320793,1.491377002,85.449608
12.466452599,-0.242942882,0.011326682,1.491514958,85.457512
12.499957561,-0.242940466,0.011333912,1.491566061,85.460440
12.566523075,-0.242938225,0.011330442,1.491638477,85.464589
12.599882841,-0.242935407,0.011337334,1.491721393,85.469340
12.666406631,-0.242933357,0.011329594,1.491779395,85.472663
12.699741602,-0.242930558,0.011336252,1.491727068,85.469665
12.766407967,-0.242928769,0.011326875,1.491738515,85.470321
12.799724579,-0.242926153,0.011333213,1.491788370,85.473178
12.866391182,-0.242924611,0.011323477,1.491753071,85.471155
12.899714470,-0.242922218,0.011329538,1.491750146,85.470987
12.966411352,-0.242920905,0.011319947,1.491751973,85.471092
12.999734402,-0.242918740,0.011325711,1.491782526,85.472843
13.066372395,-0.242917624,0.011316530,1.491826783,85.475378
13.100250244,-0.242915674,0.011321990,1.491813241,85.474603
13.166305304,-0.242914725,0.011313347,1.491850913,85.476761
13.199764252,-0.242912974,0.011318529,1.491896422,85.479368
13.266400337,-0.242912171,0.011310435,1.491874059,85.478087
13.299770355,-0.242881409,0.011582656,1.491850123,85.476716
13.366506577,-0.242651805,0.013723920,1.495360208,85.677829
13.399870872,-0.242488155,0.015456858,1.503033520,86.117477
13.466472387,-0.242221448,0.018576008,1.509375324,86.480836
13.499882936,-0.241989984,0.021504862,1.511769522,86.618013
13.566446781,-0.241616069,0.026599627,1.513996001,86.745581
13.599870443,-0.241273694,0.031386708,1.513570863,86.721222
13.666534901,-0.240818708,0.038354355,1.512093064,86.636551
13.699782848,-0.240474205,0.043654704,1.510447494,86.542267
13.766364813,-0.500070132,0.021378848,1.515740496,86.845533
13.799816608,-0.499802545,0.026124585,1.515665223,86.841220
13.866306067,-0.499323002,0.034505941,1.514452147,86.771716
13.899835110,-0.499019000,0.039923856,1.513058272,86.691853
13.966357470,-0.498529188,0.048377219,1.512539468,86.662128
13.999901772,-0.498198453,0.054051059,1.512677390,86.670030
14.066308975,-0.497689613,0.062793733,1.511911379,86.626141
14.099848032,-0.497370397,0.068312480,1.510173396,86.526562
14.166311502,-0.496873034,0.076676885,1.507153964,86.353561
14.199857235,-0.496527970,0.082173486,1.506319315,86.305739
14.266256332,-0.496031484,0.090071244,1.506022331,86.288723
14.299939156,-0.495726055,0.094938390,1.505820499,86.277159
14.366405249,-0.495150130,0.103702167,1.504416734,86.196729
14.399809361,-0.494784818,0.109240315,1.503315423,86.133629
14.466322899,-0.494229571,0.117547546,1.502079141,86.062795
14.499910116,-0.493840022,0.123213968,1.501880328,86.051404
14.566353083,-0.513116907,-0.088320810,1.504503305,86.201690
14.599637270,-0.512743783,-0.082673930,1.503992501,86.172423
14.666392088,-0.512178929,-0.074168989,1.503541175,86.146564
14.699908972,-0.511821799,-0.068799952,1.503482264,86.143188
14.766505718,-0.511252015,-0.060310377,1.503221404,86.128242
14.799795866,-0.510912225,-0.055201912,1.502402333,86.081313
14.866402626,-0.510336114,-0.046754066,1.501034868,86.002963
14.899885178,-0.509950720,-0.041237078,1.500677815,85.982505
14.966412544,-0.509363206,-0.032838739,1.499149397,85.894933
14.999951363,-0.508956104,-0.027129563,1.499739943,85.928769
15.066381454,-0.508354512,-0.018704063,1.501277049,86.016839
15.099929333,-0.507990804,-0.013406589,1.498895730,85.880399
15.166367769,-0.507400846,-0.005159643,1.496789422,85.759717
15.199790955,-0.506965510,0.000690834,1.496771477,85.758688
15.266408205,-0.506341845,0.009113516,1.495779807,85.701870
15.299916744,-0.505912171,0.014822460,1.494172413,85.609773
15.366441965,-0.505239885,0.023588263,1.491017409,85.429005
15.399900913,-0.504755365,0.029658182,1.490248729,85.384963
15.466321468,-0.504056164,0.038329297,1.490412933,85.394371
15.499901533,-0.503576010,0.044289212,1.490228551,85.383806
15.566394567,-0.502864521,0.053103163,1.489622053,85.349057
15.599858761,-0.502413418,0.058672605,1.488649915,85.293357
15.666362047,-0.501729982,0.067006861,1.487698558,85.238849
15.699967861,-0.501302119,0.072170810,1.487785707,85.243842
15.766376495,-0.500642367,0.080122859,1.488034894,85.258119
15.799895763,-0.500178530,0.085709152,1.487963412,85.254024
15.866373539,-0.558584937,-0.165777487,1.456387095,83.444834
15.899871588,-0.557947140,-0.160218165,1.457415297,83.503745
15.966300964,-0.556990536,-0.151816043,1.460036776,83.653945
15.999896288,-0.556373842,-0.146273057,1.460708952,83.692458
16.066286802,-0.555433527,-0.137757619,1.460932146,83.705246
16.099955082,-0.554819746,-0.132185185,1.461901832,83.760805
16.166374683,-0.553870654,-0.123516110,1.463005616,83.824047
16.199804544,-0.553222191,-0.117536619,1.463038189,83.825914
16.266345263,-0.552291874,-0.108937165,1.462268266,83.781800
16.299881935,-0.551671381,-0.103234571,1.460803925,83.697900
16.366364717,-0.550742143,-0.094798371,1.459436316,83.619541
16.399909258,-0.550087609,-0.088944211,1.459953729,83.649187
16.466338873,-0.549183666,-0.080808602,1.460916206,83.704333
16.499770164,-0.548537788,-0.074960709,1.461438180,83.734240
16.566319942,-0.547631652,-0.066697164,1.461962361,83.764273
16.599846363,-0.547069880,-0.061533714,1.462339758,83.785896
16.666306496,-0.546178213,-0.053345310,1.463060187,83.827174
16.699836016,-0.545574239,-0.047766738,1.462824117,83.813648
16.766338587,-0.544638033,-0.039146110,1.461628948,83.745170
16.799846411,-0.544013241,-0.033435857,1.460667376,83.690076
16.866302967,-0.543037672,-0.024612145,1.460774033,83.696187
16.899805546,-0.542420835,-0.019037443,1.460726847,83.693483
16.966576576,-0.541491481,-0.010622557,1.459117510,83.601275
16.999823093,-0.540821899,-0.004656022,1.458097870,83.542854
17.066433907,-0.539866967,0.003794647,1.456894674,83.473916
17.099848032,-0.539252833,0.009175037,1.457935412,83.533546
17.166420698,-0.567701323,-0.242320910,1.443330403,82.696741
17.199859619,-0.566933920,-0.236340118,1.444770725,82.779265
17.266547203,-0.565884742,-0.228050426,1.446768711,82.893741
17.299909592,-0.565142061,-0.222100464,1.447840908,82.955173
17.366295576,-0.564139434,-0.213957719,1.450408357,83.102277
17.399814844,-0.563516600,-0.208796254,1.452343180,83.213135
17.466279745,-0.562525023,-0.200475608,1.453160519,83.259965
17.499815702,-0.561834017,-0.194639356,1.453009479,83.251311
17.566291571,-0.560825800,-0.186123407,1.453221330,83.263449
17.599827528,-0.560127605,-0.180223878,1.453106055,83.256844
17.666322708,-0.559069307,-0.171291012,1.452178561,83.203703
17.699830532,-0.558405528,-0.165722865,1.449861127,83.070923
17.766324282,-0.557350571,-0.157028101,1.446206330,82.861519
17.799946547,-0.556670620,-0.151600225,1.445570969,82.825116
17.866304636,-0.555610830,-0.143180798,1.445369414,82.813567
17.899814606,-0.554962943,-0.138048142,1.445346775,82.812270
17.966281414,-0.553932139,-0.129871608,1.445145402,82.800732
17.999816895,-0.553177427,-0.123897271,1.445333773,82.811525
18.066369534,-0.552122469,-0.115526708,1.445905999,82.844311
18.099811077,-0.551457502,-0.110232515,1.446630334,82.885813
18.166265965,-0.550435411,-0.102047177,1.446632269,82.885924
18.199814796,-0.549705518,-0.096204908,1.445883457,82.843020
18.266376495,-0.548638908,-0.087707252,1.444710569,82.775818
18.300020695,-0.547933530,-0.082140778,1.444479093,82.762556
18.366319656,-0.546816168,-0.073347523,1.444087921,82.740143
18.399818182,-0.546055051,-0.067377184,1.442990538,82.677268
18.467352629,-0.548350712,-0.088788136,1.439694622,82.488426
18.499828100,-0.566728726,-0.251900267,1.430780026,81.977657
18.566360950,-0.572450691,-0.304437566,1.423575087,81.564844
18.599848032,-0.571605579,-0.298735384,1.422478170,81.501996
18.666339159,-0.570353475,-0.290361462,1.421525584,81.447416
18.699862480,-0.569500182,-0.284687582,1.420775699,81.404451
18.766327381,-0.568250663,-0.276416360,1.420137168,81.367866
18.799800158,-0.567397375,-0.270789976,1.421346859,81.437176
18.866297960,-0.566160510,-0.262577436,1.424426455,81.613624
18.899822474,-0.565362222,-0.257165028,1.426246372,81.717898
18.966353893,-0.564151502,-0.248842042,1.428781878,81.863171
18.999816656,-0.563358984,-0.243298200,1.431387014,82.012435
19.066306591,-0.562170654,-0.234839096,1.435203722,82.231116
19.099847078,-0.561349404,-0.228846302,1.436513906,82.306184
19.166358471,-0.560220526,-0.220484272,1.436941918,82.330707
19.199841261,-0.559397202,-0.214381132,1.437341124,82.353580
19.266305923,-0.558186225,-0.205371886,1.438355489,82.411699
19.299794436,-0.557503760,-0.200236488,1.438168223,82.400969
19.366340399,-0.556388444,-0.191865985,1.437027516,82.335612
19.399881124,-0.555638286,-0.186290837,1.437173378,82.343969
19.466390610,-0.554513271,-0.177922694,1.437257472,82.348787
19.499812841,-0.553748376,-0.172233995,1.436835562,82.324614
19.566363096,-0.552641427,-0.164017791,1.435637149,82.255950
19.599833727,-0.551811146,-0.157911732,1.434968529,82.217640
19.666328192,-0.550662022,-0.149507320,1.433775163,82.149266
19.699902058,-0.549898646,-0.143961370,1.433261659,82.119844
19.766481161,-0.551624911,-0.161519555,1.431644113,82.027165
19.799835205,-0.570220836,-0.329276732,1.414178864,81.026480
19.866349697,-0.575679252,-0.381394267,1.408062218,80.676022
19.899773598,-0.574770257,-0.375853435,1.407496637,80.643617
19.966454744,-0.573397912,-0.367519999,1.407511310,80.644458
19.999804974,-0.572510020,-0.362130310,1.408075743,80.676797
20.066663504,-0.571167304,-0.353956595,1.408406707,80.695760
20.099731922,-0.570259802,-0.348416695,1.407803277,80.661186
20.166391373,-0.568805035,-0.339575581,1.406832117,80.605543
20.199719429,-0.567864508,-0.333886592,1.406025189,80.559309
20.266619444,-0.566454925,-0.325403925,1.406016385,80.558805
20.299721003,-0.565510206,-0.319724243,1.406724708,80.599389
20.366375923,-0.564127965,-0.311377066,1.407364353,80.636038
20.399768591,-0.563216560,-0.305844345,1.407887725,80.666025
20.466558218,-0.561919266,-0.297948483,1.409600992,80.764188
20.499830246,-0.561261453,-0.293882345,1.410827219,80.834445
20.566608191,-0.560373876,-0.288349767,1.412894283,80.952879
20.599880934,-0.559899622,-0.285333737,1.414735977,81.058401
20.666574478,-0.559214125,-0.280939478,1.418459148,81.271723
20.699847698,-0.559028440,-0.279645466,1.420385717,81.382107
20.766310692,-0.558662739,-0.277172338,1.422422501,81.498806
20.799745798,-0.558657368,-0.277050985,1.422897672,81.526031
20.866633177,-0.558564038,-0.276374149,1.423038606,81.534106
20.899982452,-0.558563452,-0.276345629,1.423006255,81.532253
20.966302156,-0.558521641,-0.276054704,1.422999970,81.531893
20.999875546,-0.558514825,-0.276005449,1.422965438,81.529914
21.066381931,-0.558499160,-0.275900947,1.423005228,81.532194
21.099801064,-0.558490358,-0.275843791,1.423027696,81.533481
21.166246414,-0.558487786,-0.275829936,1.423071620,81.535998
21.199843407,-0.558478510,-0.275770899,1.423047515,81.534617
21.266366720,-0.558482252,-0.275799975,1.422998007,81.531780
21.299877405,-0.558473045,-0.275741369,1.423008703,81.532393
21.366330385,-0.558479652,-0.275789451,1.422974985,81.530461
21.399629116,-0.558470867,-0.275733468,1.423013756,81.532682
21.466395617,-0.558478519,-0.275788245,1.423070980,81.535961
21.499824286,-0.558470239,-0.275735525,1.423085122,81.536771
21.566469908,-0.558478202,-0.275792169,1.423118331,81.538674
21.599850655,-0.558470351,-0.275742016,1.423089349,81.537014
21.666314602,-0.558478184,-0.275797423,1.423058647,81.535255
21.699818134,-0.558450559,-0.275614896,1.423072313,81.536037
21.766358376,-0.558455301,-0.275652400,1.428507629,81.847458
21.799781322,-0.558427277,-0.275473342,1.445537703,82.823209
21.866443396,-0.558345179,-0.274928729,1.477170949,84.635661
21.899906158,-0.558250566,-0.274215960,1.499912872,85.938677
21.966378212,-0.558214403,-0.273831879,1.535339123,87.968452
21.999881983,-0.558139440,-0.272986460,1.559424544,89.348445
22.066649199,-0.558120971,-0.272402366,1.594899035,91.380983
22.099847078,-0.558096822,-0.271562473,1.617929370,92.700524
22.166371584,-0.558110655,-0.270506174,1.652190601,94.663548
22.199764967,-0.558148183,-0.269947738,1.675954305,96.025108
22.266414165,-0.558228342,-0.268868980,1.712033626,98.092301
22.299802303,-0.558302727,-0.268318206,1.736367317,99.486519
22.366352320,-0.558427734,-0.267520472,1.772906482,101.580059
22.399817944,-0.558544010,-0.266837237,1.797943193,103.014557
22.466372490,-0.558698063,-0.266191570,1.836020050,105.196200
22.499802351,-0.558785860,-0.265919973,1.861606473,106.662194
22.566406965,-0.558975138,-0.265201108,1.900648722,108.899150
22.599825382,-0.559252067,-0.264138693,1.926751702,110.394741
22.666399956,-0.559502642,-0.263500118,1.965127662,112.593521
22.699788094,-0.559779389,-0.262726491,1.990565153,114.050982
22.766525984,-0.560068458,-0.262108525,2.028755535,116.239130
22.799805641,-0.560121734,-0.262119509,2.054483588,117.713239
22.866405487,-0.560425701,-0.261470184,2.092420551,119.886867
22.899978638,-0.560624541,-0.261102540,2.116826255,121.285210
22.966552258,-0.560859385,-0.260721648,2.153016847,123.358779
22.999927521,-0.561073475,-0.260363215,2.176890442,124.726635
23.066446066,-0.561383300,-0.259884843,2.212275955,126.754075
23.099844217,-0.561619148,-0.259542307,2.235515282,128.085591
23.166406393,-0.562109141,-0.258839523,2.271179506,130.129000
23.199826002,-0.562519997,-0.258295489,2.295144721,131.502106
23.266421795,-0.562945582,-0.257819415,2.331506486,133.585482
23.299934864,-0.563150606,-0.257627175,2.356367904,135.009936
23.366438150,-0.563736711,-0.256980310,2.393307124,137.126397
23.399820805,-0.563954107,-0.256803339,2.417323036,138.502408
23.466452122,-0.564300840,-0.256507248,2.452888590,140.540164
23.499815226,-0.564700680,-0.256137121,2.476818706,141.911258
23.566552401,-0.564962846,-0.255962845,2.513642930,144.021131
23.599932671,-0.565283186,-0.255704958,2.538561396,145.448854
23.666336536,-0.565734762,-0.255371941,2.575878566,147.586970
23.699839115,-0.566481312,-0.254796633,2.600867206,149.018714
23.766436577,-0.566930053,-0.254555899,2.637813959,151.135607
23.799824953,-0.567393346,-0.254276972,2.661845545,152.512515
23.866285324,-0.567598529,-0.254228414,2.698267836,154.599359
23.899826527,-0.567846157,-0.254108327,2.722657896,155.996807
23.966295958,-0.568214009,-0.253938600,2.760078204,158.140832
23.999773026,-0.568582354,-0.253764875,2.784584942,159.544965
24.066305399,-0.569093996,-0.253552865,2.821923109,161.684284
24.099858522,-0.569472486,-0.253410716,2.847028231,163.122702
24.166347504,-0.569632808,-0.253402163,2.884592826,165.274995
24.199843884,-0.569772334,-0.253371830,2.909162489,166.682733
24.266425848,-0.570642818,-0.253076229,2.946386891,168.815534
24.299891710,-0.570913274,-0.253032256,2.965570683,169.914684
24.366312027,-0.570540647,-0.253205471,2.979547805,170.715514
24.399892569,-0.570550814,-0.253204296,2.980664033,170.779469
24.466330767,-0.570560516,-0.253199894,2.980596810,170.775618
24.499913216,-0.570569604,-0.253195111,2.980336381,170.760696
24.566359282,-0.570565659,-0.253191353,2.979957178,170.738969
24.599887848,-0.570573760,-0.253186140,2.979763373,170.727865
24.666316986,-0.570563246,-0.253183438,2.979552647,170.715792
24.699857235,-0.570571716,-0.253178376,2.979449219,170.709866
24.766369343,-0.570558747,-0.253176465,2.979354372,170.704431
24.799901247,-0.570566888,-0.253171814,2.979329894,170.703029
24.866463423,-0.570553287,-0.253170438,2.979257680,170.698891
24.899970770,-0.570561016,-0.253166216,2.979262211,170.699151
24.966334820,-0.570547687,-0.253165206,2.979300882,170.701366
24.999845743,-0.570555174,-0.253161363,2.979293813,170.700961
25.066309214,-0.570542254,-0.253160652,2.979291143,170.700808
25.099895954,-0.570549489,-0.253157158,2.979276135,170.699949
25.166368961,-0.570537349,-0.253156655,2.979266574,170.699401
25.199882984,-0.570544214,-0.253153494,2.979306597,170.701694
25.266269207,-0.570532839,-0.253153160,2.979361419,170.704835
25.299902678,-0.570539352,-0.253150295,2.979389229,170.706428
25.366350412,-0.570528643,-0.253150107,2.979420033,170.708193
25.399791718,-0.570534778,-0.253147515,2.979425861,170.708527
25.466335297,-0.570525239,-0.253147374,2.979443902,170.709561
25.500290871,-0.570398884,-0.253170671,2.979441969,170.709450
25.566426516,-0.572594570,-0.252742969,2.982477724,170.883386
25.599769831,-0.574718683,-0.252355877,2.988834242,171.247588
25.666335344,-0.577565258,-0.251876809,2.992400310,171.451908
25.699709177,-0.580594890,-0.251368867,2.992817190,171.475794
25.766342402,-0.585641489,-0.250548132,2.993706975,171.526775
25.799963713,-0.590126471,-0.249826502,2.994742206,171.586089
25.866275549,-0.596573742,-0.248830187,2.997258310,171.730251
25.899732351,-0.601705444,-0.248047575,2.999006007,171.830387
25.966320515,-0.609288852,-0.246928938,3.002138360,172.009858
25.999713659,-0.614668939,-0.246155824,3.004170699,172.126302
26.066313267,-0.622309409,-0.245098335,3.005900823,172.225431
26.099759579,-0.627816329,-0.244337181,3.005893728,172.225024
26.166318417,-0.626589767,-0.267643939,3.005178197,172.184027
26.199962378,-0.564397044,-0.442148205,3.006715920,172.272132
26.266404390,-0.549421584,-0.501331539,3.005807744,172.220098
26.299783468,-0.555074736,-0.500559976,3.004697260,172.156472
26.366347551,-0.563289168,-0.499436905,3.002880638,172.052387
26.400076389,-0.568273732,-0.498754081,3.002124231,172.009048
26.466238022,-0.576850168,-0.497548095,3.001532706,171.975156
26.499809027,-0.582619993,-0.496734112,3.000829341,171.934856
26.566344976,-0.590601951,-0.495615233,2.999091494,171.835285
26.599781990,-0.596389102,-0.494783753,2.997609720,171.750386
26.666338921,-0.604339785,-0.493641205,2.994951276,171.598068
26.699694157,-0.609725368,-0.492850074,2.993954045,171.540931
26.766304731,-0.617760705,-0.491660916,2.993883731,171.536902
26.799971104,-0.623414864,-0.490818376,2.994011462,171.544221
26.866258621,-0.631608873,-0.489604133,2.992902711,171.480694
26.899722576,-0.636720822,-0.488844477,2.991874732,171.421795
26.966264486,-0.644859255,-0.487619198,2.990461591,171.340828
26.999722958,-0.650518437,-0.486757455,2.989804708,171.303191
27.066268444,-0.658560165,-0.485531022,2.989194274,171.268216
27.099824190,-0.664212879,-0.484661799,2.987901911,171.194169
27.166307926,-0.672670692,-0.483352333,2.985281486,171.044030
27.199806452,-0.678058161,-0.482506654,2.984242278,170.984488
27.266316414,-0.686392356,-0.481185752,2.983935512,170.966911
27.299873590,-0.691769748,-0.480331977,2.983364024,170.934167
27.366581440,-0.700082565,-0.479005797,2.981051437,170.801666
27.399771690,-0.705599754,-0.478114520,2.979290235,170.700756
27.466304064,-0.688913952,-0.488175802,2.976224570,170.525107
27.499957085,-0.519609958,-0.567452885,2.959748068,169.581073
27.566334248,-0.467405849,-0.593623688,2.953111187,169.200807
27.600136995,-0.472771242,-0.592601401,2.952757680,169.180553
27.666359186,-0.481182642,-0.590994191,2.952451237,169.162995
27.699758530,-0.486378393,-0.590002046,2.952893502,169.188335
27.766294003,-0.494637289,-0.588424976,2.953906537,169.246378
27.799772739,-0.499997872,-0.587407587,2.953960123,169.249448
27.866501331,-0.508244679,-0.585843594,2.953853971,169.243366
27.899798155,-0.513617833,-0.584823194,2.954554036,169.283477
27.966503620,-0.521874435,-0.583260135,2.954196130,169.262970
27.999897242,-0.527379403,-0.582216062,2.952786165,169.182185
28.066479445,-0.535922157,-0.580583339,2.950116661,169.029234
28.099872828,-0.541547189,-0.579494364,2.949250862,168.979627
28.166511774,-0.550129466,-0.577821912,2.948939904,168.961811
28.199812889,-0.555616249,-0.576753357,2.948375951,168.929498
28.266380072,-0.564073617,-0.575098643,2.948614045,168.943140
28.299879313,-0.569306835,-0.574077576,2.948612070,168.943027
28.366446018,-0.577557950,-0.572466734,2.949218295,168.977761
28.399938107,-0.582652137,-0.571475786,2.950383449,169.044520
28.466372490,-0.590879058,-0.569882803,2.951350355,169.099919
28.499870062,-0.596518424,-0.568796355,2.951668658,169.118157
28.566369057,-0.605092803,-0.567146623,2.952031158,169.138926
28.599897623,-0.610579290,-0.566095243,2.952029613,169.138838
28.666345119,-0.619006069,-0.564478197,2.952422119,169.161327
28.700017929,-0.624503484,-0.563425776,2.952119204,169.143971
28.766478777,-0.633072775,-0.561781886,2.950974858,169.078405
28.799862385,-0.638580726,-0.560720062,2.950325454,169.041197
28.866464376,-0.386754624,-0.628603107,2.939449254,168.418036
28.899791718,-0.392382903,-0.627450322,2.939614086,168.427480
28.966584921,-0.400816472,-0.625722664,2.940225855,168.462532
28.999964952,-0.406435177,-0.624575139,2.939611067,168.427308
29.066302061,-0.415018426,-0.622818273,2.938360197,168.355638
29.099848986,-0.420115236,-0.621768729,2.938364716,168.355897
29.166369677,-0.428632218,-0.620013790,2.938640405,168.371693
29.201383114,-0.434122789,-0.618884974,2.939625393,168.428128
29.266341686,-0.442369786,-0.617196208,2.941733580,168.548919
29.299820423,-0.448010071,-0.616053752,2.942810648,168.610630
29.366317034,-0.456145679,-0.614416088,2.944614840,168.714003
29.399941206,-0.461780396,-0.613289936,2.945218477,168.748588
29.466369390,-0.470191671,-0.611616700,2.944820814,168.725804
29.499907494,-0.475700434,-0.610519041,2.944775717,168.723220
29.566447496,-0.484257387,-0.608812800,2.944987584,168.735359
29.599922180,-0.489763746,-0.607715036,2.944894735,168.730039
29.666309595,-0.498178642,-0.606038393,2.943187716,168.632234
29.699909210,-0.503825400,-0.604903780,2.942521014,168.594035
29.766382456,-0.512386836,-0.603176285,2.942135353,168.571938
29.799838543,-0.518016424,-0.602038800,2.941906782,168.558842
29.866389275,-0.526179997,-0.600386370,2.941805542,168.553042
29.899837971,-0.531817369,-0.599245187,2.941403207,168.529990
29.966371536,-0.540229624,-0.597538683,2.941347759,168.526813
29.999899149,-0.545466431,-0.596476306,2.941747122,168.549695
30.066340208,-0.553860455,-0.594776501,2.942760662,168.607766
30.099848986,-0.559484249,-0.593642942,2.943800216,168.667328
30.166493177,-0.307856089,-0.651780001,2.948488117,168.935925
30.199859619,-0.313486695,-0.650678618,2.948996364,168.965045
30.266301632,-0.322099126,-0.648999265,2.949653330,169.002687
30.299885273,-0.327841382,-0.647883634,2.950836412,169.070472
30.366381168,-0.336458711,-0.646217952,2.952486461,169.165013
30.399848223,-0.342375373,-0.645084321,2.951975597,169.135743
30.466386080,-0.350894987,-0.643449044,2.950244379,169.036551
30.499827385,-0.356260959,-0.642410814,2.948765332,168.951808
30.566352129,-0.364559946,-0.640790949,2.947572519,168.883465
30.599894047,-0.370470650,-0.639629423,2.947101005,168.856449
30.666364193,-0.378807153,-0.637987547,2.946250687,168.807730
30.699885845,-0.384050151,-0.636950759,2.946405091,168.816576
30.766349554,-0.392151097,-0.635349437,2.947751468,168.893718
30.799915314,-0.397256130,-0.634347700,2.948890800,168.958997
30.866374493,-0.405317539,-0.632774828,2.950592120,169.056476
30.899807692,-0.410429674,-0.631786597,2.951549002,169.111301
30.966318369,-0.418457702,-0.630242305,2.952478272,169.164544
30.999765396,-0.423980210,-0.629184587,2.953356131,169.214842
31.066388845,-0.431756465,-0.627703669,2.954354552,169.272047
31.099910975,-0.437287684,-0.626653996,2.954057186,169.255009
31.166374683,-0.445758298,-0.625045797,2.952694607,169.176939
31.199858427,-0.451581341,-0.623932247,2.952219600,169.149723
31.266304016,-0.460412460,-0.622240592,2.952209864,169.149165
31.299836636,-0.466184139,-0.621133236,2.952871907,169.187098
31.366331339,-0.474960794,-0.619455674,2.952326484,169.155847
31.399810076,-0.480727206,-0.618351261,2.951097507,169.085432
31.466311932,-0.228856612,-0.695629488,2.911486717,166.815901
31.499757290,-0.234422152,-0.694326381,2.911911640,166.840247
31.566261530,-0.243103996,-0.692296478,2.913286829,166.919040
31.599784136,-0.248834926,-0.690964014,2.913800380,166.948464
31.666335583,-0.257135093,-0.689041300,2.914087952,166.964941
31.699898005,-0.262346210,-0.687835415,2.915045366,167.019797
31.766382933,-0.270591029,-0.685934874,2.916230470,167.087698
31.799897671,-0.276016917,-0.684691703,2.917131091,167.139300
31.866402864,-0.283810773,-0.682912100,2.918534902,167.219732
31.899890184,-0.289553599,-0.681608212,2.918193817,167.200190
31.966398954,-0.297618526,-0.679776324,2.917772798,167.176067
31.999803543,-0.303087672,-0.678531347,2.917547453,167.163156
32.066325903,-0.311438610,-0.676627893,2.917128181,167.139133
32.099831820,-0.316884655,-0.675384816,2.916711041,167.115233
32.166378498,-0.325100395,-0.673506415,2.916828626,167.121970
32.199854136,-0.330559696,-0.672258103,2.917681050,167.170810
32.266388893,-0.338916336,-0.670354218,2.918471588,167.216105
32.299799442,-0.344652438,-0.669051523,2.918039404,167.191342
32.366458893,-0.353085851,-0.667134647,2.916847941,167.123076
32.399832249,-0.358517193,-0.665893659,2.916911010,167.126690
32.466336966,-0.367161381,-0.663918131,2.917724435,167.173296
32.499831438,-0.372362751,-0.662733836,2.918156921,167.198076
32.566334963,-0.380307342,-0.660928644,2.918083692,167.193880
32.599789858,-0.385904961,-0.659656338,2.917822792,167.178931
32.666312933,-0.394114045,-0.657788981,2.918118014,167.195846
32.699839115,-0.399183291,-0.656637454,2.919190164,167.257276
32.766368151,-0.145847535,-0.724728621,2.914090037,166.965060
32.799737692,-0.148928722,-0.724019262,2.914739554,167.002275
32.866301298,-0.154424179,-0.722752600,2.913368471,166.923718
32.899805307,-0.157408911,-0.722062896,2.912781482,166.890086
32.966364384,-0.160794083,-0.721275163,2.914913945,167.012267
32.999816895,-0.161823200,-0.721042474,2.915618899,167.052658
33.066329718,-0.162846052,-0.720812770,2.916554179,167.106245
33.099905491,-0.162853862,-0.720815120,2.916698690,167.114525
33.166295290,-0.163317529,-0.720711211,2.917449919,167.157567
33.199782848,-0.163357317,-0.720703280,2.918054443,167.192204
33.266451836,-0.163545272,-0.720661001,2.918248272,167.203310
33.299893379,-0.163598400,-0.720648949,2.918327615,167.207856
33.366474390,-0.163653303,-0.720636172,2.918301697,167.206371
33.399906397,-0.163710949,-0.720622735,2.918297054,167.206105
33.466350794,-0.163701968,-0.720624323,2.918310759,167.206890
33.499760628,-0.163759788,-0.720610801,2.918312593,167.206995
33.566360712,-0.163720814,-0.720619204,2.918271293,167.204629
33.599854946,-0.163777585,-0.720605956,2.918263910,167.204206
33.666402102,-0.163726262,-0.720617224,2.918187887,167.199850
33.699876070,-0.163780118,-0.720604684,2.918179846,167.199389
33.766328335,-0.163724515,-0.720616995,2.918214896,167.201397
33.799930811,-0.163775406,-0.720605148,2.918172869,167.198989
33.866989374,-0.163720350,-0.720617365,2.918172318,167.198958
33.899797201,-0.164168977,-0.720514894,2.918155990,167.198022
33.966317892,-0.164163816,-0.720515470,2.923923258,167.528462
33.999856949,-0.164339332,-0.720474545,2.942207803,168.576090
34.066455841,-0.165173161,-0.720287390,2.976652823,170.549644
34.099831581,-0.165472824,-0.720228421,3.001204714,171.956364
34.166301250,-0.166118492,-0.720111752,3.037855765,174.056314
34.199820042,-0.166551426,-0.720048664,3.063248489,175.511210
34.266425371,-0.167096802,-0.719986813,3.101211876,177.686352
34.300027132,-0.167258250,-0.719982344,3.126379952,179.128376
34.366358519,-0.167493059,-0.719973332,-3.119165258,-178.715005
34.399837732,-0.167928648,-0.719949373,-3.094229366,-177.286283
34.466352224,-0.168303692,-0.719949126,-3.056730998,-175.137785
34.499831676,-0.168599750,-0.719955895,-3.031115425,-173.670121
34.566401005,-0.169542759,-0.719988639,-2.993039611,-171.488538
34.599729776,-0.169693231,-0.720024535,-2.968368691,-170.074998
34.666348696,-0.170234393,-0.720093650,-2.932098465,-167.996867
34.699878454,-0.170790140,-0.720173980,-2.907835307,-166.606691
34.766306162,-0.171211578,-0.720270870,-2.870732634,-164.480864
34.799894810,-0.171759099,-0.720384881,-2.845845034,-163.054910
34.866513491,-0.172597902,-0.720592830,-2.808570634,-160.919244
34.899836302,-0.173523793,-0.720842090,-2.784136078,-159.519247
34.966454983,-0.174142696,-0.721083287,-2.747988409,-157.448138
34.999798536,-0.174272711,-0.721174075,-2.722868078,-156.008849
35.066452265,-0.174543847,-0.721313631,-2.686540581,-153.927437
35.099943399,-0.174803317,-0.721431704,-2.662583317,-152.554787
35.166440010,-0.175292531,-0.721655453,-2.626706324,-150.499186
35.199926138,-0.175667273,-0.721841330,-2.603176555,-149.151030
35.266546249,-0.176414678,-0.722226864,-2.568675343,-147.174256
35.299850941,-0.177009761,-0.722563734,-2.545862022,-145.867149
35.366405249,-0.177406108,-0.722851712,-2.510784392,-143.857349
35.399862528,-0.177510617,-0.722957987,-2.487470468,-142.521559
35.466353416,-0.177963649,-0.723279558,-2.452219662,-140.501837
35.499877691,-0.178294785,-0.723529782,-2.428591776,-139.148059
35.566333532,-0.178735241,-0.723888882,-2.392415154,-137.075291
35.599951982,-0.178829667,-0.724002370,-2.367161882,-135.628385
35.666632891,-0.179120624,-0.724275240,-2.329356373,-133.462289
35.699770689,-0.179112065,-0.724302935,-2.303387394,-131.974376
35.766352177,-0.179576651,-0.724735998,-2.264231818,-129.730927
35.799843311,-0.179857938,-0.725036135,-2.238452565,-128.253885
35.866540194,-0.180116436,-0.725358224,-2.199381201,-126.015260
35.899866104,-0.180376224,-0.725675803,-2.173807976,-124.550022
35.966336250,-0.180800402,-0.726225860,-2.135920152,-122.379210
35.999849558,-0.181113945,-0.726667457,-2.110509220,-120.923271
36.066289186,-0.181255072,-0.726961982,-2.072394696,-118.739470
36.099863291,-0.181466755,-0.727311254,-2.047262629,-117.299508
36.166533232,-0.181819451,-0.727922412,-2.008482442,-115.077567
36.199714661,-0.181854539,-0.728066770,-1.982931213,-113.613590
36.266429663,-0.182022077,-0.728446715,-1.945747838,-111.483139
36.299818039,-0.182255711,-0.728932449,-1.921060637,-110.068667
36.366434813,-0.182528516,-0.729592829,-1.884077397,-107.949683
36.399975777,-0.182830460,-0.730335908,-1.859243585,-106.526811
36.466407061,-0.182949483,-0.730837077,-1.825069650,-104.568788
36.499865532,-0.182902110,-0.730864493,-1.813082773,-103.881991
36.566243887,-0.182904751,-0.731004106,-1.807140926,-103.541548
36.599877357,-0.182891693,-0.731018837,-1.806016670,-103.477133
36.666393042,-0.182897795,-0.731076340,-1.805175118,-103.428916
36.699802637,-0.182897328,-0.731086549,-1.804901958,-103.413265
36.766318083,-0.182902121,-0.731105574,-1.804618871,-103.397045
36.799823999,-0.182905573,-0.731114229,-1.804524974,-103.391665
36.866445780,-0.182908507,-0.731115225,-1.804336029,-103.380839
36.899855137,-0.182913069,-0.731123239,-1.804244281,-103.375583
36.966318130,-0.182914670,-0.731115997,-1.804211951,-103.373730
36.999889374,-0.182919389,-0.731123648,-1.804189591,-103.372449
37.066386223,-0.182920159,-0.731112983,-1.804274126,-103.377293
37.099928379,-0.182924682,-0.731120299,-1.804289509,-103.378174
37.166378260,-0.182924923,-0.731108403,-1.804278872,-103.377564
37.200018167,-0.182929145,-0.731115414,-1.804349218,-103.381595
37.266428947,-0.182929090,-0.731103524,-1.804291487,-103.378287
37.299900293,-0.182932972,-0.731110199,-1.804245561,-103.375656
37.366273642,-0.182932697,-0.731098598,-1.804273010,-103.377229
37.399708748,-0.182936260,-0.731104994,-1.804256051,-103.376257
37.466377258,-0.182935849,-0.731094006,-1.804309576,-103.379324
37.499930859,-0.182939102,-0.731100079,-1.804317734,-103.379791
37.566352844,-0.182938595,-0.731089785,-1.804279524,-103.377602
37.599938393,-0.182941575,-0.731095591,-1.804322490,-103.380064
37.666480064,-0.182940999,-0.731085954,-1.804248683,-103.375835
37.699896574,-0.183397892,-0.732780238,-1.802294856,-103.263889
37.766529799,-0.184018316,-0.735187813,-1.795508386,-102.875053
37.799687386,-0.184565974,-0.737397378,-1.792465215,-102.700692
37.866289616,-0.185510349,-0.741308518,-1.789723895,-102.543626
37.899768353,-0.186410097,-0.745074987,-1.789203002,-102.513781
37.966340303,-0.187756110,-0.750867280,-1.789464847,-102.528783
37.999742985,-0.188887926,-0.755736754,-1.788466723,-102.471595
38.066330433,-0.190526550,-0.762966169,-1.786599998,-102.364640
38.099758863,-0.191618429,-0.767880795,-1.784800439,-102.261532
38.166334629,-0.193296284,-0.775518792,-1.780343556,-102.006172
38.199774027,-0.194439608,-0.780839224,-1.777386152,-101.836725
38.266397715,-0.196096555,-0.788724975,-1.775907489,-101.752004
38.299854755,-0.197268554,-0.794325011,-1.776608499,-101.792169
38.366384029,-0.187141255,-0.789250890,-1.777040924,-101.816945
38.399802685,-0.108053119,-0.707791719,-1.770657932,-101.451226
38.466367960,-0.081541263,-0.685497668,-1.769960736,-101.411280
38.499895573,-0.082666987,-0.691093993,-1.771180240,-101.481153
38.566378355,-0.084436487,-0.699775464,-1.771932684,-101.524264
38.599795580,-0.085508848,-0.705093298,-1.775321082,-101.718405
38.666267872,-0.087198823,-0.713279454,-1.777663792,-101.852633
38.699813843,-0.088364948,-0.718843574,-1.779254438,-101.943770
38.766403198,-0.090118951,-0.727151578,-1.782817348,-102.147910
38.799782276,-0.091252367,-0.732444265,-1.785872638,-102.322965
38.866306067,-0.093054868,-0.740712865,-1.788711495,-102.485619
38.900318146,-0.094194830,-0.745884244,-1.789325884,-102.520821
38.966320753,-0.096116148,-0.754523716,-1.789632343,-102.538380
38.999794722,-0.097355193,-0.760105823,-1.790580439,-102.592702
39.066292763,-0.099200532,-0.768387112,-1.791213992,-102.629002
39.099913120,-0.100389700,-0.773712026,-1.791052483,-102.619748
39.166296959,-0.102250131,-0.782029956,-1.790992657,-102.616320
39.199776411,-0.103512281,-0.787670552,-1.791240144,-102.630500
39.266232014,-0.105460693,-0.796365680,-1.792675268,-102.712727
39.299829483,-0.106715704,-0.801939404,-1.793111952,-102.737747
39.366289616,-0.108524747,-0.809967357,-1.794032300,-102.790479
39.399812698,-0.109726519,-0.815280302,-1.794424177,-102.812932
39.466245413,-0.111531575,-0.823228520,-1.794140665,-102.796688
39.499798775,-0.112802573,-0.828821178,-1.795320807,-102.864305
39.566454649,-0.114680512,-0.837052816,-1.797386470,-102.982659
39.599877596,-0.115900221,-0.842357112,-1.797618903,-102.995976
39.666454792,-0.117793508,-0.850564467,-1.796395821,-102.925899
39.699852705,-0.119010265,-0.855872145,-1.795856802,-102.895015
39.766300678,-0.120856467,-0.863944964,-1.795697497,-102.885888
39.799765825,-0.122134052,-0.869528161,-1.795578342,-102.879061
39.866635323,-0.044830535,-0.617523978,-1.819566132,-104.253460
39.899863005,-0.046172892,-0.622810672,-1.819557371,-104.252958
39.966341972,-0.048208724,-0.630832622,-1.820994005,-104.335271
39.999797106,-0.049624897,-0.636377871,-1.821283861,-104.351879
40.066629887,-0.051676048,-0.644398617,-1.820578830,-104.311483
40.099815369,-0.053028260,-0.649703236,-1.820685233,-104.317580
40.166342020,-0.055110435,-0.657860727,-1.821388020,-104.357846
40.199774027,-0.056528543,-0.663400741,-1.822277296,-104.408798
40.266391754,-0.058553416,-0.671290264,-1.823233366,-104.463577
40.299740791,-0.060022681,-0.676980560,-1.823973107,-104.505961
40.366429329,-0.062098083,-0.685008451,-1.825556836,-104.596702
40.399768114,-0.063504395,-0.690411423,-1.825830047,-104.612356
40.466322660,-0.065743860,-0.698996373,-1.825880521,-104.615248
40.499786139,-0.067183795,-0.704524098,-1.825767638,-104.608780
40.566616535,-0.069365568,-0.712895143,-1.824443817,-104.532931
40.599790335,-0.070729200,-0.718160061,-1.824017679,-104.508515
40.666331768,-0.072811883,-0.726216293,-1.823537867,-104.481024
40.699772835,-0.074245828,-0.731766222,-1.822796306,-104.438535
40.766463041,-0.076350122,-0.739938860,-1.822441471,-104.418205
40.799811602,-0.077743120,-0.745359658,-1.822829098,-104.440414
40.866410494,-0.079916319,-0.753794819,-1.823482542,-104.477854
40.899860382,-0.081315018,-0.759218495,-1.823808713,-104.496542
40.966461420,-0.083551840,-0.767867010,-1.823105718,-104.456263
40.999886274,-0.084939462,-0.773248714,-1.823125191,-104.457379
41.066402674,-0.087053139,-0.781449168,-1.824390516,-104.529877
41.099859476,-0.088454800,-0.786861748,-1.825017423,-104.565796
41.166313171,-0.011065198,-0.534910974,-1.835037839,-105.139923
41.199810505,-0.012597118,-0.540570532,-1.833724220,-105.064659
41.266318321,-0.014801509,-0.548757352,-1.832685357,-105.005136
41.299786806,-0.016287675,-0.554305046,-1.832952678,-105.020453
41.366283655,-0.018517826,-0.562609816,-1.833288538,-105.039696
41.399884224,-0.019793476,-0.567373911,-1.834203629,-105.092127
41.466405392,-0.021928076,-0.575289559,-1.833414182,-105.046895
41.499816895,-0.023387826,-0.580714851,-1.833473428,-105.050289
41.566314459,-0.025454922,-0.588407021,-1.834607261,-105.115253
41.599847317,-0.026914456,-0.593812764,-1.834694849,-105.120272
41.666321754,-0.029059790,-0.601750320,-1.834252220,-105.094911
41.699773073,-0.030553876,-0.607288268,-1.834542720,-105.111555
41.766261101,-0.032782186,-0.615538266,-1.835005633,-105.138078
41.799772501,-0.034210776,-0.620817653,-1.835810317,-105.184183
41.866281986,-0.036446394,-0.629057892,-1.837251638,-105.266765
41.899807453,-0.037958043,-0.634596960,-1.837336929,-105.271652
41.966265440,-0.040256954,-0.643014580,-1.837483877,-105.280071
41.999925852,-0.041737022,-0.648433560,-1.837928235,-105.305531
42.066379309,-0.043968206,-0.656587900,-1.838101049,-105.315432
42.099860191,-0.045482222,-0.662117665,-1.837710321,-105.293045
42.166288376,-0.047749909,-0.670410382,-1.836789944,-105.240312
42.199812889,-0.049186504,-0.675680432,-1.836850982,-105.243809
42.266519070,-0.051438133,-0.683945932,-1.837843427,-105.300672
42.299819708,-0.052991080,-0.689622098,-1.837648695,-105.289514
42.366298914,-0.055270947,-0.697961622,-1.837356202,-105.272756
42.399887085,-0.056702334,-0.703204062,-1.837358196,-105.272870
42.466641903,0.040117817,-0.451054711,-1.872428240,-107.282236
42.499808311,0.038409966,-0.456546445,-1.872013239,-107.258458
42.566305876,0.035912186,-0.464587252,-1.870465475,-107.169777
42.599877357,0.034297239,-0.469814162,-1.869526530,-107.115980
42.666274786,0.031819466,-0.477857804,-1.868982354,-107.084801
42.699878454,0.030130466,-0.483352427,-1.869320101,-107.104152
42.766468287,0.027565020,-0.491689715,-1.869521524,-107.115693
42.799832344,0.025838653,-0.497297869,-1.868851218,-107.077287
42.866270542,0.023433333,-0.505129008,-1.867190564,-106.982139
42.899754524,0.021792524,-0.510498289,-1.867010989,-106.971850
42.966405153,0.019337326,-0.518542638,-1.868142537,-107.036683
42.999814749,0.017612166,-0.524177824,-1.868234231,-107.041937
43.066386461,0.015136286,-0.532254351,-1.866454415,-106.939961
43.099954367,0.013539643,-0.537494988,-1.865963363,-106.911825
43.166416168,0.011171371,-0.545282934,-1.866730860,-106.955800
43.199759722,0.009461973,-0.550893069,-1.867502496,-107.000011
43.266278982,0.006917003,-0.559217738,-1.866867449,-106.963626
43.299827337,0.005278071,-0.564587862,-1.866616848,-106.949267
43.366251469,0.002898207,-0.572397289,-1.867454402,-106.997256
43.399784327,0.001218250,-0.577889022,-1.868849366,-107.077181
43.466286421,-0.001210387,-0.585798376,-1.871656991,-107.238046
43.499847889,-0.002917197,-0.591300356,-1.872461727,-107.284154
43.566318274,-0.005544005,-0.599745690,-1.873600397,-107.349395
43.599787235,-0.007173912,-0.604962392,-1.873896162,-107.366341
43.666440010,-0.009736348,-0.613156028,-1.873784303,-107.359932
43.699775457,-0.011615135,-0.619166924,-1.873975683,-107.370898
43.766452551,0.105298930,-0.366919356,-1.891614399,-108.381522
43.800147057,0.103527809,-0.372251539,-1.890314493,-108.307042
43.866629601,0.100920234,-0.380129408,-1.888011013,-108.175063
43.899727345,0.099167041,-0.385472989,-1.887110936,-108.123492
43.966330767,0.096546906,-0.393473669,-1.885358905,-108.023108
43.999746799,0.094896987,-0.398550829,-1.885085681,-108.007454
44.066385269,0.092350590,-0.406384086,-1.883681618,-107.927007
44.100060463,0.090664629,-0.411595743,-1.883025604,-107.889420
44.166594982,0.088050428,-0.419696392,-1.881531768,-107.803829
44.199812651,0.086290394,-0.425169333,-1.880197285,-107.727369
44.266424656,0.083599023,-0.433591000,-1.879251117,-107.673158
44.299783468,0.081804657,-0.439203654,-1.879122837,-107.665808
44.366414547,0.079102462,-0.447695693,-1.883523145,-107.917927
44.399840832,0.077376602,-0.453033599,-1.883687475,-107.927342
44.466327906,0.074679405,-0.461371879,-1.883386869,-107.910119
44.499828339,0.072910203,-0.466843415,-1.883271321,-107.903498
44.566305399,0.070345181,-0.474782134,-1.884168354,-107.954895
44.599775314,0.068655892,-0.479994304,-1.885211315,-108.014652
44.666425705,0.066098763,-0.487860103,-1.886522741,-108.089791
44.699816942,0.064356531,-0.493196907,-1.886056465,-108.063075
44.766346693,0.061750232,-0.501182041,-1.885189690,-108.013413
44.799971342,0.060294560,-0.505663394,-1.885813447,-108.049151
44.866354704,0.058145740,-0.512260978,-1.884701435,-107.985438
44.899921417,0.057121906,-0.515415146,-1.883354864,-107.908285
44.966366768,0.055657317,-0.519951415,-1.883822880,-107.935100
44.999975920,0.054923540,-0.522225800,-1.885540856,-108.033533
45.066369295,0.054019710,-0.525000754,-1.886274393,-108.075562
45.099737406,0.053739495,-0.525856759,-1.885280133,-108.018595
45.166395903,0.063138234,-0.501491385,-1.884391997,-107.967708
45.199938774,0.130044614,-0.326977894,-1.894060667,-108.521682
45.266345739,0.152994107,-0.267166123,-1.898374152,-108.768827
45.299924374,0.152980224,-0.267207244,-1.898247992,-108.761598
45.366324425,0.152926534,-0.267365416,-1.897854602,-108.739059
45.399784803,0.152908797,-0.267417630,-1.897618910,-108.725555
45.466334105,0.152894609,-0.267459076,-1.897357650,-108.710586
45.499718904,0.152875443,-0.267515097,-1.897232890,-108.703437
45.566445589,0.152879993,-0.267500896,-1.897127906,-108.697422
45.599859953,0.152860825,-0.267556833,-1.897066902,-108.693927
45.666338682,0.152874011,-0.267517097,-1.897003212,-108.690278
45.699943304,0.152855454,-0.267571303,-1.896983170,-108.689129
45.766327381,0.152872343,-0.267520707,-1.896967611,-108.688238
45.799830675,0.152854588,-0.267572676,-1.896958731,-108.687729
45.866336346,0.152872599,-0.267518887,-1.896991441,-108.689603
45.899869442,0.152855855,-0.267567983,-1.896987800,-108.689395
45.966320515,0.152873432,-0.267515612,-1.896959159,-108.687754
45.999854326,0.152858200,-0.267560285,-1.896951209,-108.687298
46.066430569,0.152921891,-0.267371752,-1.896935472,-108.686397
46.099962950,0.152730053,-0.267935463,-1.889752392,-108.274836
46.166262150,0.152636346,-0.268210720,-1.860847639,-106.618716
46.199799299,0.152495202,-0.268635489,-1.838912139,-105.361904
46.266286135,0.152479559,-0.268685939,-1.804939408,-103.415410
46.299826384,0.152311621,-0.269243082,-1.782093227,-102.106421
46.366283417,0.152259579,-0.269451440,-1.747867059,-100.145406
46.399801731,0.152220512,-0.269612894,-1.724404479,-98.801099
46.466325760,0.152147604,-0.269935432,-1.688867767,-96.764995
46.499820709,0.152063288,-0.270365034,-1.664888034,-95.391058
46.566570759,0.152010972,-0.270725643,-1.629382669,-93.356750
46.600025654,0.151935514,-0.271290181,-1.605096062,-91.965230
46.666646719,0.151910516,-0.271688543,-1.568429395,-89.864385
46.699732065,0.151873010,-0.272252701,-1.543597125,-88.441601
46.766299725,0.151850701,-0.273100548,-1.504966893,-86.228251
46.799817324,0.151863753,-0.273657425,-1.478772242,-84.727408
46.866322517,0.151911524,-0.274264071,-1.440175621,-82.515985
46.899783134,0.151968241,-0.275227031,-1.414475729,-81.043490
46.966649294,0.152076538,-0.275878553,-1.377044634,-78.898846
46.999770164,0.152168095,-0.276422963,-1.352863979,-77.513396
47.066346169,0.152304565,-0.277042529,-1.315969156,-75.399479
47.100046873,0.152367859,-0.277179259,-1.291541843,-73.999897
47.166345835,0.152507706,-0.277731891,-1.254421701,-71.873069
47.199846506,0.152541772,-0.277736511,-1.229716740,-70.457579
47.266322851,0.152620519,-0.277959958,-1.192863514,-68.346045
47.299831390,0.152706607,-0.278232940,-1.167994407,-66.921150
47.366361380,0.152953086,-0.278983013,-1.131304336,-64.818964
47.400796413,0.152987789,-0.278983074,-1.106749403,-63.412070
47.466350794,0.153091961,-0.279192016,-1.069475236,-61.276417
47.499795914,0.153209489,-0.279449827,-1.044253143,-59.831298
47.566640854,0.153487973,-0.280033069,-1.006776878,-57.684066
47.599803448,0.153689557,-0.280394669,-0.981352478,-56.227355
47.666273832,0.153853310,-0.280616046,-0.943304833,-54.047386
47.699783325,0.154072520,-0.280967531,-0.918706930,-52.638030
47.766367197,0.154310489,-0.281291066,-0.883040772,-50.594509
47.799724340,0.154552312,-0.281625285,-0.859137481,-49.224952
47.866273642,0.154659008,-0.281704427,-0.823879928,-47.204843
47.899808407,0.154680512,-0.281702738,-0.800756014,-45.879940
47.966366768,0.155148355,-0.282295794,-0.766072920,-43.892745
47.999842882,0.155678838,-0.282906952,-0.743713614,-42.611651
48.066487312,0.156310149,-0.283535646,-0.710520136,-40.709805
48.099948406,0.156535772,-0.283697365,-0.688144547,-39.427778
48.166361094,0.157295488,-0.284389512,-0.655595456,-37.562853
48.199864626,0.157626919,-0.284628032,-0.634153969,-36.334346
48.266346455,0.158043027,-0.284906092,-0.601787354,-34.479876
48.299938917,0.158577073,-0.285316369,-0.579891813,-33.225353
48.366326094,0.158897159,-0.285480361,-0.545207491,-31.238088
48.399839878,0.159137245,-0.285616747,-0.521022952,-29.852416
48.466301918,0.159397102,-0.285743865,-0.484811498,-27.777653
48.499894619,0.159528985,-0.285800723,-0.460729116,-26.397834
48.566345692,0.159972153,-0.286053351,-0.425429067,-24.375290
48.599928379,0.160225975,-0.286173877,-0.401229881,-22.988779
48.666385651,0.160705354,-0.286402439,-0.366535295,-21.000925
48.699973345,0.161077130,-0.286564515,-0.347702291,-19.921874
48.766458273,0.161226997,-0.286581777,-0.332784404,-19.067142
48.800038815,0.161243567,-0.286566571,-0.330853632,-18.956517
48.866304874,0.161306885,-0.286578064,-0.330112580,-18.914058
48.899774551,0.161316961,-0.286577184,-0.330078525,-18.912106
48.966618061,0.161339193,-0.286584140,-0.330188563,-18.918411
48.999721766,0.161347084,-0.286587664,-0.330271117,-18.923141
49.066587925,0.161350166,-0.286590970,-0.330391277,-18.930026
49.100049019,0.161357282,-0.286595747,-0.330515161,-18.937124
49.166442633,0.161351633,-0.286596833,-0.330619702,-18.943114
49.199814796,0.161358339,-0.286601809,-0.330680525,-18.946598
49.266467094,0.161348962,-0.286601674,-0.330725258,-18.949161
49.299860954,0.161355400,-0.286606495,-0.330730785,-18.949478
49.366344213,0.161344679,-0.286605712,-0.330794010,-18.953101
49.399920225,0.161350764,-0.286610217,-0.330808234,-18.953916
49.466357470,0.161339821,-0.286609093,-0.330811701,-18.954114
49.499785423,0.161345755,-0.286613309,-0.330831791,-18.955265
49.566333771,0.161335141,-0.286612018,-0.330819429,-18.954557
49.599831820,0.161340784,-0.286615899,-0.330844686,-18.956004
49.666390419,0.161330625,-0.286614504,-0.330866808,-18.957272
49.699800014,0.161336087,-0.286618100,-0.330837223,-18.955577
49.766391993,0.161326579,-0.286616686,-0.330847547,-18.956168
49.800199509,0.161331660,-0.286619955,-0.330831835,-18.955268
49.866448879,0.161322811,-0.286618550,-0.330822087,-18.954709
49.899775028,0.161327734,-0.286621585,-0.330843973,-18.955963
49.966455936,0.161319347,-0.286620148,-0.330828552,-18.955080
49.999791622,0.161324122,-0.286622971,-0.330827979,-18.955047
50.066499710,0.161316384,-0.286621585,-0.330835988,-18.955506
50.099845648,0.161320837,-0.286624158,-0.330807424,-18.953869
50.166512012,0.161313648,-0.286622809,-0.330822081,-18.954709
50.199839115,0.161317888,-0.286625185,-0.330832443,-18.955303
50.266351461,0.161311179,-0.286623867,-0.330855575,-18.956628
50.299881458,0.161315214,-0.286626062,-0.330893000,-18.958772
50.366460323,0.161308976,-0.286624786,-0.330839607,-18.955713
50.400121212,0.161312830,-0.286626823,-0.330820917,-18.954642
50.466585159,0.161306901,-0.286625554,-0.330790637,-18.952907
50.499739408,0.161310612,-0.286627457,-0.330752751,-18.950737
